session,group,ppt,status,continue,L1_bsl,prior_BSL,age_s1,nback_lett,nback_spat,nback_comb,corsi_bspan,corsi_score,corsi_corr,corsi_mspan,kirk_ceil,kirk_raw,kirk_acc,kbit_ceil,kbit_raw,kbit_acc,dspan_mem,dspan_corr,dspan_time,mr2d_acc,mr2d_rt,mr3d_acc,mr3d_rt,bis_tot,bis_att,bis_mot,bis_nplan,mlat_raw,mlat_acc,summ,copy_sign,bsl_srt,town_map,terp_b2e,terp_e2b,grade_bsl,grade_terp,comments
1,rejected,HW002,rejected,0,check,check,check,0.7,0.75,0.72,6,48,8,5,35,31,0.89,46,44,0.94,NA,NA,NA,0.95,2297,NA,NA,NA,NA,NA,NA,NA,NA,NA,tbc,NA,NA,NA,NA,NA,NA,
1,rejected,HW004,rejected,0,check,check,check,0.73,0.71,0.72,6,54,9,5.5,42,32,0.76,44,42,0.93,NA,NA,NA,0.91,2769,NA,NA,NA,NA,NA,NA,NA,NA,NA,tbc,NA,NA,NA,NA,NA,NA,
1,rejected,HW009,rejected,0,check,check,check,0.75,0.76,0.75,6,60,10,6,29,25,0.86,46,43,0.91,NA,NA,NA,0.92,3397,NA,NA,NA,NA,NA,NA,NA,NA,NA,tbc,NA,NA,NA,NA,NA,NA,
1,rejected,HW011,rejected,0,check,check,check,0.78,0.7,0.74,8,88,11,6.5,32,24,0.75,38,34,0.83,NA,NA,NA,0.88,3202,NA,NA,NA,NA,NA,NA,NA,NA,NA,tbc,NA,NA,NA,NA,NA,NA,
1,rejected,HW012,rejected,0,check,check,check,0.62,0.48,0.55,5,35,7,4.5,33,29,0.88,42,40,0.93,NA,NA,NA,0.97,3944,NA,NA,NA,NA,NA,NA,NA,NA,NA,tbc,NA,NA,NA,NA,NA,NA,
1,rejected,HW014,rejected,0,check,check,check,0.65,0.67,0.66,6,54,9,5.5,31,24,0.77,42,39,0.89,NA,NA,NA,0.88,2279,NA,NA,NA,NA,NA,NA,NA,NA,NA,tbc,NA,NA,NA,NA,NA,NA,
1,rejected,HW016,rejected,0,check,check,check,0.71,0.6,0.66,5,40,8,5,25,19,0.76,34,33,0.95,NA,NA,NA,0.92,6665,NA,NA,NA,NA,NA,NA,NA,NA,NA,tbc,NA,NA,NA,NA,NA,NA,
1,rejected,HW017,rejected,0,check,check,check,0.73,0.73,0.73,8,80,10,6,42,37,0.88,45,41,0.87,NA,NA,NA,0.41,2505,NA,NA,NA,NA,NA,NA,NA,NA,NA,tbc,NA,NA,NA,NA,NA,NA,
1,rejected,HW018,rejected,0,check,check,check,0.7,0.73,0.71,6,54,9,5.5,38,31,0.82,46,45,0.97,NA,NA,NA,0.95,3943,NA,NA,NA,NA,NA,NA,NA,NA,NA,tbc,NA,NA,NA,NA,NA,NA,
1,rejected,HW019,rejected,0,check,check,check,0.71,0.71,0.71,5,35,7,4.5,32,26,0.81,26,22,0.67,NA,NA,NA,0.77,8240,NA,NA,NA,NA,NA,NA,NA,NA,NA,tbc,NA,NA,NA,NA,NA,NA,
1,rejected,HW021,rejected,0,check,check,check,0.76,0.75,0.75,6,48,8,5,31,19,0.61,43,40,0.9,NA,NA,NA,0.79,3412,NA,NA,NA,NA,NA,NA,NA,NA,NA,tbc,NA,NA,NA,NA,NA,NA,
1,rejected,HW022,rejected,0,check,check,check,0.76,0.76,0.76,8,72,9,5.5,42,36,0.86,46,46,1,NA,NA,NA,0.94,2147,NA,NA,NA,NA,NA,NA,NA,NA,NA,tbc,NA,NA,NA,NA,NA,NA,
1,rejected,HW024,rejected,0,check,check,check,0.73,0.62,0.67,5,35,7,4.5,27,21,0.78,22,17,0.38,NA,NA,NA,0.52,3045,NA,NA,NA,NA,NA,NA,NA,NA,NA,tbc,NA,NA,NA,NA,NA,NA,
1,rejected,HW030,rejected,0,check,check,check,0.7,0.75,0.72,6,60,10,6,42,32,0.76,45,38,0.77,NA,NA,NA,0.85,3771,NA,NA,NA,NA,NA,NA,NA,NA,NA,tbc,NA,NA,NA,NA,NA,NA,
1,rejected,HW031,rejected,0,check,check,check,0.76,0.75,0.75,6,54,9,5.5,32,24,0.75,43,41,0.93,NA,NA,NA,0.95,3698,NA,NA,NA,NA,NA,NA,NA,NA,NA,tbc,NA,NA,NA,NA,NA,NA,
1,rejected,HW032,rejected,0,check,check,check,0.76,0.76,0.76,6,48,8,5,19,14,0.74,42,38,0.86,NA,NA,NA,0.59,2754,NA,NA,NA,NA,NA,NA,NA,NA,NA,tbc,NA,NA,NA,NA,NA,NA,
1,rejected,HW033,rejected,0,check,check,check,0.65,0.67,0.66,6,54,9,5.5,42,29,0.69,43,40,0.9,NA,NA,NA,0.92,4636,NA,NA,NA,NA,NA,NA,NA,NA,NA,tbc,NA,NA,NA,NA,NA,NA,
1,rejected,HW034,rejected,0,check,check,check,0.71,0.71,0.71,5,35,7,4.5,38,29,0.76,43,37,0.79,NA,NA,NA,0.87,3934,NA,NA,NA,NA,NA,NA,NA,NA,NA,tbc,NA,NA,NA,NA,NA,NA,
1,rejected,HW035,rejected,0,check,check,check,0.65,0.73,0.69,5,40,8,5,38,33,0.87,39,35,0.84,NA,NA,NA,0.8,4802,NA,NA,NA,NA,NA,NA,NA,NA,NA,tbc,NA,NA,NA,NA,NA,NA,
1,pilot,HW001,continuing,1,0,1,18,0.68,0.76,0.72,5,35,7,4.5,38,30,0.79,38,33,0.79,NA,NA,NA,0.73,4052,NA,NA,NA,NA,NA,NA,NA,NA,NA,tbc,NA,NA,NA,NA,NA,NA,
1,pilot,HW005,withdrew,0,0,0,?,0.75,0.73,0.74,8,88,11,6.5,39,38,0.97,45,42,0.9,NA,NA,NA,0.91,2580,NA,NA,NA,NA,NA,NA,NA,NA,NA,tbc,NA,NA,NA,NA,NA,NA,
1,pilot,HW006,withdrew,0,0,0,18,0.67,0.75,0.71,6,54,9,5.5,33,30,0.91,40,40,1,NA,NA,NA,0.93,3752,NA,NA,NA,NA,NA,NA,NA,NA,NA,tbc,NA,NA,NA,NA,NA,NA,
1,pilot,HW007,withdrew,0,0,0,?,0.73,0.71,0.72,6,60,10,6,40,30,0.75,43,39,0.86,NA,NA,NA,0.93,2965,NA,NA,NA,NA,NA,NA,NA,NA,NA,tbc,NA,NA,NA,NA,NA,NA,
1,pilot,HW008,withdrew,0,0,0,?,0.75,0.73,0.74,8,80,10,6,38,33,0.87,45,45,1,NA,NA,NA,0.95,2507,NA,NA,NA,NA,NA,NA,NA,NA,NA,tbc,NA,NA,NA,NA,NA,NA,
1,pilot,HW013,continuing,1,0,1,17,0.68,0.71,0.7,6,60,10,6,42,31,0.74,46,39,0.78,NA,NA,NA,0.88,3057,NA,NA,NA,NA,NA,NA,NA,NA,NA,tbc,NA,NA,NA,NA,NA,NA,
1,pilot,HW015,withdrew,0,0,0,32,0.73,0.7,0.71,6,48,8,5,42,31,0.74,41,40,0.96,NA,NA,NA,0.91,2376,NA,NA,NA,NA,NA,NA,NA,NA,NA,tbc,NA,NA,NA,NA,NA,NA,
1,pilot,HW020,withdrew,0,0,1,17,0.62,0.71,0.67,8,72,9,5.5,42,30,0.71,45,39,0.81,NA,NA,NA,0.91,1934,NA,NA,NA,NA,NA,NA,NA,NA,NA,tbc,NA,NA,NA,NA,NA,NA,
1,pilot,HW025,continuing,1,1,1,18,0.76,0.76,0.76,6,54,9,5.5,31,27,0.87,37,37,1,NA,NA,NA,0.98,8256,NA,NA,NA,NA,NA,NA,NA,NA,NA,tbc,NA,NA,NA,NA,NA,NA,
1,pilot,HW026,withdrew,0,0,0,18,0.65,0.6,0.63,5,40,8,5,42,28,0.67,45,40,0.84,NA,NA,NA,0.94,2430,NA,NA,NA,NA,NA,NA,NA,NA,NA,tbc,NA,NA,NA,NA,NA,NA,
1,pilot,HW028,withdrew,0,0,0,17,0.73,0.79,0.76,9,126,14,8,38,31,0.82,42,41,0.96,NA,NA,NA,0.95,3696,NA,NA,NA,NA,NA,NA,NA,NA,NA,tbc,NA,NA,NA,NA,NA,NA,
1,grant,HW1011,continuing,1,check,check,19,0.67,0.67,0.67,6,54,9,5.5,36,31,0.86,42,40,0.95,8,0.86,4.78,NA,NA,0.92,2417,NA,NA,NA,NA,35,0.78,tbc,tbc,NA,NA,NA,NA,NA,NA,
1,grant,HW1021,continuing,1,check,check,19,0.65,0.7,0.67,5,40,8,5,30,25,0.83,36,34,0.94,8,0.71,5.34,NA,NA,0.59,4285,NA,NA,NA,NA,17,0.38,tbc,tbc,NA,NA,NA,NA,NA,NA,
1,grant,HW1031,continuing,1,check,check,49,0.7,0.71,0.71,8,80,10,6,42,39,0.93,41,39,0.95,10,0.88,5.88,NA,NA,0.58,4085,NA,NA,NA,NA,40,0.89,tbc,tbc,NA,NA,NA,NA,NA,NA,
1,grant,HW1041,continuing,1,check,check,18,0.71,0.76,0.74,6,54,9,5.5,37,28,0.76,43,36,0.84,6,0.7,3.99,NA,NA,0.86,3253,NA,NA,NA,NA,23,0.51,tbc,tbc,NA,NA,NA,NA,NA,NA,
1,grant,HW1051,continuing,1,check,check,43,0.73,0.73,0.73,6,48,8,5,36,32,0.89,37,36,0.97,7,0.75,4.35,NA,NA,0.9,2442,NA,NA,NA,NA,41,0.91,tbc,tbc,NA,NA,NA,NA,NA,NA,
1,grant,HW1061,continuing,1,check,check,32,0.71,0.71,0.71,6,54,9,5.5,42,39,0.93,45,40,0.89,NA,NA,NA,NA,NA,0.7,2891,NA,NA,NA,NA,43,0.96,tbc,NA,NA,NA,NA,NA,NA,NA,copy sign - use interview version (SW)
1,grant,HW1071,continuing,1,check,check,54,0.62,0.52,0.57,5,40,8,5,30,19,0.63,20,16,0.8,6,0.5,3.38,NA,NA,0.4,4121,NA,NA,NA,NA,31,0.69,tbc,tbc,NA,NA,NA,NA,NA,NA,
1,grant,HW1081,continuing,1,check,check,18,0.73,0.75,0.74,5,30,6,4,41,30,0.73,45,39,0.87,5,0.63,2.77,NA,NA,0.75,3527,NA,NA,NA,NA,43,0.96,tbc,tbc,NA,NA,NA,NA,NA,NA,
1,grant,HW1091,continuing,1,check,check,18,0.75,0.76,0.75,8,80,10,6,36,20,0.56,46,41,0.89,NA,NA,NA,NA,NA,0.6,3170,NA,NA,NA,NA,28,0.62,tbc,NA,NA,NA,NA,NA,NA,NA,copy sign - use interview version (SW)
1,grant,HW1101,continuing,1,check,check,19,0.75,0.7,0.72,5,40,8,5,39,33,0.85,44,39,0.89,9,0.75,6.79,NA,NA,0.15,3258,NA,NA,NA,NA,45,1,tbc,tbc,NA,NA,NA,NA,NA,NA,
1,grant,HW1111,continuing,1,check,check,18,0.71,0.71,0.71,5,35,7,4.5,36,30,0.83,41,41,1,7,0.67,4.83,NA,NA,0.51,3862,NA,NA,NA,NA,39,0.87,NA,NA,NA,NA,NA,NA,NA,NA,copy sign done tbc (SW?)
1,grant,HW1121,continuing,1,check,check,20,0.78,0.73,0.75,5,40,8,5,42,34,0.81,43,38,0.88,NA,NA,NA,NA,NA,0.68,3398,NA,NA,NA,NA,44,0.98,tbc,NA,NA,NA,NA,NA,NA,NA,copy sign - use interview version (SW)
1,grant,WV2011,continuing,1,check,check,21,0.75,0.73,0.74,5,40,8,5,42,39,0.93,46,42,0.91,7,0.67,4.19,NA,NA,0.88,2656,NA,NA,NA,NA,41,0.91,tbc,tbc,NA,NA,NA,NA,NA,NA,"nback crashed, continued on PEBLPortable"
1,grant,WV2021,withdrew,0,check,check,32,0.67,0.68,0.67,5,35,7,4.5,38,36,0.95,33,32,0.97,7,0.75,4.47,NA,NA,0.46,3832,NA,NA,NA,NA,44,0.98,tbc,NA,NA,NA,NA,NA,NA,NA,
1,grant,WV2031,continuing,1,check,check,34,0.71,0.7,0.71,6,54,9,5.5,40,34,0.85,46,42,0.91,9,0.69,5.15,NA,NA,0.81,3353,NA,NA,NA,NA,36,0.8,tbc,tbc,NA,NA,NA,NA,NA,NA,
1,grant,WV2041,withdrew,0,1,,18,0.75,0.67,0.71,6,60,10,6,33,28,0.85,43,39,0.91,6,0.8,3.61,NA,NA,0.84,3025,NA,NA,NA,NA,37,0.82,tbc,tbc,NA,NA,NA,NA,NA,NA,
1,grant,WV2051,continuing,1,check,check,22,0.68,0.75,0.71,6,48,8,5,31,26,0.84,44,42,0.95,6,0.8,3.31,NA,NA,0.51,3338,NA,NA,NA,NA,43,0.96,tbc,NA,NA,NA,NA,NA,NA,NA,
1,grant,WV2061,continuing,1,check,check,40,0.71,0.79,0.75,6,54,9,5.5,42,35,0.83,39,36,0.92,10,0.81,6.28,NA,NA,0.65,3016,NA,NA,NA,NA,40,0.89,tbc,tbc,NA,NA,NA,NA,NA,NA,
1,grant,WV2071,continuing,1,check,check,23,0.75,0.75,0.75,5,40,8,5,42,32,0.76,38,31,0.82,6,0.6,3.43,NA,NA,0.5,2002,NA,NA,NA,NA,13,0.29,tbc,tbc,NA,NA,NA,NA,NA,NA,
1,grant,WV2081,continuing,1,check,check,19,0.76,0.75,0.75,6,60,10,6,42,31,0.74,46,43,0.93,8,0.71,4.52,NA,NA,0.45,3025,NA,NA,NA,NA,25,0.56,tbc,tbc,NA,NA,NA,NA,NA,NA,
1,grant,WV2091,withdrew,0,check,check,34,0.76,0.68,0.72,6,54,9,5.5,37,32,0.86,40,37,0.93,5,0.75,2.36,NA,NA,0.89,3279,NA,NA,NA,NA,34,0.76,tbc,tbc,NA,NA,NA,NA,NA,NA,
1,grant,WV2111,withdrew,0,check,check,20,0.7,0.76,0.73,6,54,9,5.5,42,20,0.48,39,37,0.95,6,0.7,4.25,NA,NA,0.49,2530,NA,NA,NA,NA,38,0.84,tbc,tbc,NA,NA,NA,NA,NA,NA,
2,pilot,HW001,continuing,1,0,1,18,0.73,0.73,0.73,5,40,8,5,42,30,0.71,46,36,0.69,NA,NA,NA,0.88,3193,NA,NA,NA,NA,NA,NA,NA,NA,NA,tbc,NA,NA,NA,NA,68,NA,
2,pilot,HW005,withdrew,0,0,0,?,0.68,0.68,0.68,6,60,10,6,42,34,0.81,42,40,0.93,NA,NA,NA,0.97,2036,NA,NA,NA,NA,NA,NA,NA,NA,NA,tbc,NA,NA,NA,NA,63,NA,
2,pilot,HW006,withdrew,0,0,0,18,0.75,0.73,0.74,6,60,10,6,39,29,0.74,43,41,0.93,NA,NA,NA,0.89,2808,NA,NA,NA,NA,NA,NA,NA,NA,NA,tbc,NA,NA,NA,NA,60,NA,
2,pilot,HW007,withdrew,0,0,0,?,0.79,0.75,0.77,6,60,10,6,38,28,0.74,43,42,0.97,NA,NA,NA,0.91,2004,NA,NA,NA,NA,NA,NA,NA,NA,NA,tbc,NA,NA,NA,NA,64,NA,
2,pilot,HW008,withdrew,0,0,0,?,0.75,0.78,0.76,8,80,10,6,38,30,0.79,46,46,1,NA,NA,NA,0.97,2351,NA,NA,NA,NA,NA,NA,NA,NA,NA,tbc,NA,NA,NA,NA,63,NA,
2,pilot,HW013,continuing,1,0,1,17,0.68,0.7,0.69,8,96,12,7,42,29,0.69,46,39,0.78,NA,NA,NA,0.8,2122,NA,NA,NA,NA,NA,NA,NA,NA,NA,tbc,NA,NA,NA,NA,68,NA,
2,pilot,HW015,withdrew,0,0,0,32,0.71,0.71,0.71,6,48,8,5,42,34,0.81,42,38,0.86,NA,NA,NA,0.76,1589,NA,NA,NA,NA,NA,NA,NA,NA,NA,tbc,NA,NA,NA,NA,74,NA,
2,pilot,HW020,withdrew,0,0,1,17,0.68,0.76,0.72,8,80,10,6,42,33,0.79,46,40,0.81,NA,NA,NA,0.92,1578,NA,NA,NA,NA,NA,NA,NA,NA,NA,tbc,NA,NA,NA,NA,60,NA,
2,pilot,HW025,continuing,1,1,1,18,0.68,0.7,0.69,5,40,8,5,32,28,0.88,39,38,0.96,NA,NA,NA,0.96,5288,NA,NA,NA,NA,NA,NA,NA,NA,NA,tbc,NA,NA,NA,NA,74,NA,
2,pilot,HW026,withdrew,0,0,0,18,0.65,0.75,0.7,6,54,9,5.5,42,31,0.74,46,40,0.81,NA,NA,NA,0.98,1921,NA,NA,NA,NA,NA,NA,NA,NA,NA,tbc,NA,NA,NA,NA,58,NA,
2,pilot,HW028,withdrew,0,0,0,17,0.76,0.76,0.76,8,96,12,7,42,35,0.83,46,44,0.94,NA,NA,NA,0.96,2528,NA,NA,NA,NA,NA,NA,NA,NA,NA,tbc,NA,NA,NA,NA,64,NA,
2,grant,HW1011,continuing,1,check,check,19,NA,NA,NA,NA,NA,NA,NA,NA,NA,NA,NA,NA,NA,NA,NA,NA,NA,NA,NA,NA,NA,NA,NA,NA,NA,NA,NA,NA,NA,NA,NA,NA,75,NA,unable to retest here due to Covid
2,grant,HW1021,continuing,1,check,check,19,NA,NA,NA,NA,NA,NA,NA,NA,NA,NA,NA,NA,NA,NA,NA,NA,NA,NA,NA,NA,NA,NA,NA,NA,NA,NA,NA,NA,NA,NA,NA,NA,59,NA,unable to retest here due to Covid
2,grant,HW1031,continuing,1,check,check,49,NA,NA,NA,NA,NA,NA,NA,NA,NA,NA,NA,NA,NA,NA,NA,NA,NA,NA,NA,NA,NA,NA,NA,NA,NA,NA,NA,NA,NA,NA,NA,NA,70,NA,unable to retest here due to Covid
2,grant,HW1041,continuing,1,check,check,18,0.59,0.71,0.65,6,60,10,6,NA,NA,NA,NA,NA,NA,NA,NA,NA,NA,NA,0.75,2398,48,10,15,23,NA,NA,tbc,NA,9,tbc,NA,NA,71,NA,did reverse dspan only
2,grant,HW1051,continuing,1,check,check,43,NA,NA,NA,NA,NA,NA,NA,NA,NA,NA,NA,NA,NA,NA,NA,NA,NA,NA,NA,NA,NA,NA,NA,NA,NA,NA,NA,NA,NA,NA,NA,NA,70,NA,unable to retest here due to Covid
2,grant,HW1061,continuing,1,check,check,32,NA,NA,NA,NA,NA,NA,NA,NA,NA,NA,NA,NA,NA,NA,NA,NA,NA,NA,NA,NA,NA,NA,NA,NA,NA,NA,NA,NA,NA,NA,NA,NA,67,NA,unable to retest here due to Covid
2,grant,HW1071,continuing,1,check,check,54,NA,NA,NA,NA,NA,NA,NA,NA,NA,NA,NA,NA,NA,NA,NA,NA,NA,NA,NA,NA,tbc,tbc,tbc,tbc,NA,NA,NA,NA,NA,NA,NA,NA,56,NA,only completed BIS
2,grant,HW1081,continuing,1,check,check,18,NA,NA,NA,NA,NA,NA,NA,NA,NA,NA,NA,NA,NA,NA,NA,NA,NA,NA,NA,NA,NA,NA,NA,NA,NA,NA,NA,NA,NA,NA,NA,NA,59,NA,unable to retest here due to Covid
2,grant,HW1091,continuing,1,check,check,18,NA,NA,NA,NA,NA,NA,NA,NA,NA,NA,NA,NA,NA,NA,NA,NA,NA,NA,NA,NA,NA,NA,NA,NA,NA,NA,NA,NA,NA,NA,NA,NA,56,NA,unable to retest here due to Covid
2,grant,HW1101,continuing,1,check,check,19,NA,NA,NA,NA,NA,NA,NA,NA,NA,NA,NA,NA,NA,NA,NA,NA,NA,NA,NA,NA,NA,NA,NA,NA,NA,NA,NA,NA,NA,NA,NA,NA,57,NA,unable to retest here due to Covid
2,grant,HW1111,continuing,1,check,check,18,NA,NA,NA,6,60,10,6,NA,NA,NA,NA,NA,NA,NA,NA,NA,NA,NA,0.84,3013,64,15,17,32,NA,NA,tbc,NA,9,tbc,NA,NA,59,NA,"data loss in nback file, did reverse dspan only"
2,grant,HW1121,continuing,1,check,check,20,NA,NA,NA,NA,NA,NA,NA,NA,NA,NA,NA,NA,NA,NA,NA,NA,NA,NA,NA,NA,NA,NA,NA,NA,NA,NA,NA,NA,NA,NA,NA,NA,69,NA,unable to retest here due to Covid
2,grant,WV2011,continuing,1,check,check,21,NA,NA,NA,NA,NA,NA,NA,NA,NA,NA,NA,NA,NA,NA,NA,NA,NA,NA,NA,NA,NA,NA,NA,NA,NA,NA,NA,NA,NA,NA,NA,NA,78,84,unable to retest here due to Covid
2,grant,WV2021,withdrew,0,check,check,32,NA,NA,NA,NA,NA,NA,NA,NA,NA,NA,NA,NA,NA,NA,NA,NA,NA,NA,NA,NA,NA,NA,NA,NA,NA,NA,NA,NA,NA,NA,NA,NA,NA,NA,unable to retest here due to Covid
2,grant,WV2031,continuing,1,check,check,34,NA,NA,NA,NA,NA,NA,NA,NA,NA,NA,NA,NA,NA,NA,NA,NA,NA,NA,NA,NA,NA,NA,NA,NA,NA,NA,NA,NA,NA,NA,NA,NA,54,59,unable to retest here due to Covid
2,grant,WV2041,withdrew,0,1,,18,NA,NA,NA,NA,NA,NA,NA,NA,NA,NA,NA,NA,NA,NA,NA,NA,NA,NA,NA,NA,NA,NA,NA,NA,NA,NA,NA,NA,NA,NA,NA,NA,NA,NA,unable to retest here due to Covid
2,grant,WV2051,continuing,1,check,check,22,NA,NA,NA,NA,NA,NA,NA,NA,NA,NA,NA,NA,NA,NA,NA,NA,NA,NA,NA,NA,NA,NA,NA,NA,NA,NA,NA,NA,NA,NA,NA,NA,79,81,unable to retest here due to Covid
2,grant,WV2061,continuing,1,check,check,40,NA,NA,NA,NA,NA,NA,NA,NA,NA,NA,NA,NA,NA,NA,NA,NA,NA,NA,NA,NA,NA,NA,NA,NA,NA,NA,NA,NA,NA,NA,NA,NA,57,60,unable to retest here due to Covid
2,grant,WV2071,continuing,1,check,check,23,NA,NA,NA,NA,NA,NA,NA,NA,NA,NA,NA,NA,NA,NA,NA,NA,NA,NA,NA,NA,NA,NA,NA,NA,NA,NA,NA,NA,NA,NA,NA,NA,59,54,unable to retest here due to Covid
2,grant,WV2081,continuing,1,check,check,19,NA,NA,NA,NA,NA,NA,NA,NA,NA,NA,NA,NA,NA,NA,NA,NA,NA,NA,NA,NA,NA,NA,NA,NA,NA,NA,NA,NA,NA,NA,NA,NA,72,82,unable to retest here due to Covid
2,grant,WV2091,withdrew,0,check,check,34,NA,NA,NA,NA,NA,NA,NA,NA,NA,NA,NA,NA,NA,NA,NA,NA,NA,NA,NA,NA,NA,NA,NA,NA,NA,NA,NA,NA,NA,NA,NA,NA,48,46,unable to retest here due to Covid
2,grant,WV2111,withdrew,0,check,check,20,NA,NA,NA,NA,NA,NA,NA,NA,NA,NA,NA,NA,NA,NA,NA,NA,NA,NA,NA,NA,NA,NA,NA,NA,NA,NA,NA,NA,NA,NA,NA,NA,45,49,unable to retest here due to Covid
3,pilot,HW001,continuing,1,0,1,18,NA,NA,NA,NA,NA,NA,NA,NA,NA,NA,NA,NA,NA,NA,NA,NA,NA,NA,NA,NA,NA,NA,NA,NA,NA,NA,NA,NA,NA,NA,NA,NA,60,54,unable to retest here due to Covid
3,pilot,HW005,withdrew,0,0,0,?,NA,NA,NA,NA,NA,NA,NA,NA,NA,NA,NA,NA,NA,NA,NA,NA,NA,NA,NA,NA,NA,NA,NA,NA,NA,NA,NA,NA,NA,NA,NA,NA,NA,NA,withdrew from programme 
3,pilot,HW006,withdrew,0,0,0,18,NA,NA,NA,NA,NA,NA,NA,NA,NA,NA,NA,NA,NA,NA,NA,NA,NA,NA,NA,NA,NA,NA,NA,NA,NA,NA,NA,NA,NA,NA,NA,NA,52,51,unable to retest here due to Covid
3,pilot,HW007,withdrew,0,0,0,?,NA,NA,NA,NA,NA,NA,NA,NA,NA,NA,NA,NA,NA,NA,NA,NA,NA,NA,NA,NA,NA,NA,NA,NA,NA,NA,NA,NA,NA,NA,NA,NA,64,62,unable to retest here due to Covid
3,pilot,HW008,withdrew,0,0,0,?,NA,NA,NA,NA,NA,NA,NA,NA,NA,NA,NA,NA,NA,NA,NA,NA,NA,NA,NA,NA,NA,NA,NA,NA,NA,NA,NA,NA,NA,NA,NA,NA,58,52,unable to retest here due to Covid
3,pilot,HW013,continuing,1,0,1,17,NA,NA,NA,NA,NA,NA,NA,NA,NA,NA,NA,NA,NA,NA,NA,NA,NA,NA,NA,NA,NA,NA,NA,NA,NA,NA,NA,NA,NA,NA,NA,NA,70,60,unable to retest here due to Covid
3,pilot,HW015,withdrew,0,0,0,32,0.75,0.71,0.73,6,48,8,5,42,33,0.79,42,36,0.86,7,0.83,4.25,0.86,1991,0.75,2713,73,19,26,28,NA,NA,NA,NA,19,tbc,NA,NA,72,72,
3,pilot,HW020,withdrew,0,0,1,17,NA,NA,NA,NA,NA,NA,NA,NA,NA,NA,NA,NA,NA,NA,NA,NA,NA,NA,NA,NA,NA,NA,NA,NA,NA,NA,NA,NA,NA,NA,NA,NA,55,50,unable to retest here due to Covid
3,pilot,HW025,continuing,1,1,1,18,NA,NA,NA,NA,NA,NA,NA,NA,NA,NA,NA,NA,NA,NA,NA,NA,NA,NA,NA,NA,NA,NA,NA,NA,NA,NA,NA,NA,NA,NA,NA,NA,60,64,unable to retest here due to Covid
3,pilot,HW026,withdrew,0,0,0,18,NA,NA,NA,NA,NA,NA,NA,NA,NA,NA,NA,NA,NA,NA,NA,NA,NA,NA,NA,NA,NA,NA,NA,NA,NA,NA,NA,NA,NA,NA,NA,NA,58,53,unable to retest here due to Covid
3,pilot,HW028,withdrew,0,0,0,17,0.73,0.75,0.74,8,80,10,6,42,36,0.86,46,45,0.98,10,0.88,5.92,0.91,1793,0.84,2201,73,21,29,23,NA,NA,NA,NA,13,tbc,NA,NA,60,51,
3,grant,HW1011,continuing,1,check,check,19,0.71,0.76,0.74,6,48,8,5,42,36,0.86,44,41,0.93,8,0.71,4.93,0.86,1610,0.96,2009,89,30,33,26,NA,NA,NA,NA,21,tbc,NA,NA,75,72,
3,grant,HW1021,continuing,1,check,check,19,NA,NA,NA,NA,NA,NA,NA,NA,NA,NA,NA,NA,NA,NA,NA,NA,NA,NA,NA,NA,NA,NA,NA,NA,NA,NA,NA,NA,NA,NA,NA,NA,62,46,no interest in taking part again
3,grant,HW1031,continuing,1,check,check,49,NA,NA,NA,NA,NA,NA,NA,NA,NA,NA,NA,NA,NA,NA,NA,NA,NA,NA,NA,NA,NA,NA,NA,NA,NA,NA,NA,NA,NA,NA,NA,NA,64,67,no interest in taking part again
3,grant,HW1041,continuing,1,check,check,18,0.76,0.76,0.76,6,54,9,5.5,41,32,0.78,44,38,0.86,8,0.64,4.86,0.72,2098,0.88,2009,48,10,17,21,NA,NA,NA,NA,24,tbc,NA,NA,71,68,
3,grant,HW1051,continuing,1,check,check,43,NA,NA,NA,NA,NA,NA,NA,NA,NA,NA,NA,NA,NA,NA,NA,NA,NA,NA,0.83,2306,65,13,26,26,NA,NA,NA,NA,tbc,tbc,NA,NA,67,68,did online tasks but PEBL issues
3,grant,HW1061,continuing,1,check,check,32,0.71,0.71,0.71,6,60,10,6,42,38,0.9,45,42,0.93,8,0.71,4.8,0.9,2716,0.74,3030,62,17,22,23,NA,NA,NA,NA,tbc,tbc,NA,NA,68,58,
3,grant,HW1071,continuing,1,check,check,54,NA,NA,NA,NA,NA,NA,NA,NA,NA,NA,NA,NA,NA,NA,NA,NA,NA,NA,NA,NA,NA,NA,NA,NA,NA,NA,NA,NA,NA,NA,NA,NA,51,44,no interest in taking part again
3,grant,HW1081,continuing,1,check,check,18,0.76,0.79,0.77,5,35,7,4.5,42,31,0.74,46,41,0.89,6,0.7,3.65,0.89,2317,0.88,2810,66,24,21,21,NA,NA,NA,NA,tbc,tbc,NA,NA,56,54,
3,grant,HW1091,continuing,1,check,check,18,0.79,0.73,0.76,8,80,10,6,23,14,0.61,43,37,0.86,5,0.63,2.2,0.54,1086,0.48,1379,83,23,30,30,NA,NA,NA,NA,tbc,tbc,NA,NA,58,50,
3,grant,HW1101,continuing,1,check,check,19,NA,NA,NA,NA,NA,NA,NA,NA,NA,NA,NA,NA,NA,NA,NA,NA,NA,NA,NA,NA,NA,NA,NA,NA,NA,NA,NA,NA,NA,NA,NA,NA,71,66,no interest in taking part again
3,grant,HW1111,continuing,1,check,check,18,0.7,0.74,0.72,6,48,8,5,39,32,0.86,41,40,0.98,8,0.79,6.22,0.84,4419,0.59,3189,69,16,20,33,NA,NA,NA,NA,tbc,tbc,NA,NA,54,51,
3,grant,HW1121,continuing,1,check,check,20,0.76,0.79,0.78,6,48,8,5,37,36,0.97,41,40,0.98,8,0.64,4.56,0.88,3263,0.71,2252,68,21,17,30,NA,NA,NA,NA,tbc,tbc,NA,NA,68,70,
3,grant,WV2011,continuing,1,check,check,21,0.75,0.68,0.71,8,88,11,6.5,42,37,0.88,46,45,0.98,8,0.79,4.66,0.93,2017,0.93,2345,47,14,19,14,NA,NA,NA,NA,tbc,tbc,NA,NA,NA,NA,
3,grant,WV2021,withdrew,0,check,check,32,NA,NA,NA,NA,NA,NA,NA,NA,NA,NA,NA,NA,NA,NA,NA,NA,NA,NA,NA,NA,NA,NA,NA,NA,NA,NA,NA,NA,NA,NA,NA,NA,NA,NA,no interest in taking part again
3,grant,WV2031,continuing,1,check,check,34,NA,NA,NA,NA,NA,NA,NA,NA,NA,NA,NA,NA,NA,NA,NA,NA,NA,NA,NA,NA,NA,NA,NA,NA,NA,NA,NA,NA,tbc,tbc,NA,NA,NA,NA,did GoReact tasks only (tablet)
3,grant,WV2041,withdrew,0,1,,18,NA,NA,NA,NA,NA,NA,NA,NA,NA,NA,NA,NA,NA,NA,NA,NA,NA,NA,NA,NA,NA,NA,NA,NA,NA,NA,NA,NA,NA,NA,NA,NA,NA,NA,no interest in taking part again
3,grant,WV2051,continuing,1,check,check,22,NA,NA,NA,NA,NA,NA,NA,NA,NA,NA,NA,NA,NA,NA,NA,NA,NA,NA,NA,NA,NA,NA,NA,NA,NA,NA,NA,NA,NA,NA,NA,NA,85,72,no interest in taking part again
3,grant,WV2061,continuing,1,check,check,40,0.78,0.76,0.77,6,48,8,5,34,31,0.91,35,34,0.97,9,0.81,5.95,0.71,2794,0.55,2823,60,16,21,23,NA,NA,NA,NA,tbc,tbc,NA,NA,50,51,
3,grant,WV2071,continuing,1,check,check,23,NA,NA,NA,NA,NA,NA,NA,NA,NA,NA,NA,NA,NA,NA,NA,NA,NA,NA,NA,NA,NA,NA,NA,NA,NA,NA,NA,NA,NA,NA,NA,NA,55,63,no interest in taking part again
3,grant,WV2081,continuing,1,check,check,19,NA,NA,NA,NA,NA,NA,NA,42,33,0.79,44,37,0.84,NA,NA,NA,NA,NA,0.74,2348,65,22,20,23,NA,NA,NA,NA,tbc,tbc,NA,NA,70,67,did all tasks but 4 PEBL ones
3,grant,WV2091,withdrew,0,check,check,34,NA,NA,NA,NA,NA,NA,NA,NA,NA,NA,NA,NA,NA,NA,NA,NA,NA,NA,NA,NA,NA,NA,NA,NA,NA,NA,NA,NA,NA,NA,NA,NA,34,NA,no interest in taking part again
3,grant,WV2111,withdrew,0,check,check,20,NA,NA,NA,NA,NA,NA,NA,NA,NA,NA,NA,NA,NA,NA,NA,NA,NA,NA,NA,NA,NA,NA,NA,NA,NA,NA,NA,NA,tbc,tbc,NA,NA,NA,NA,no interest in taking part again
4,pilot,HW001,continuing,1,0,1,18,NA,NA,NA,NA,NA,NA,NA,NA,NA,NA,NA,NA,NA,NA,NA,NA,NA,NA,NA,NA,NA,NA,NA,NA,NA,NA,NA,NA,NA,NA,NA,NA,NA,NA,
4,pilot,HW005,withdrew,0,0,0,?,NA,NA,NA,NA,NA,NA,NA,NA,NA,NA,NA,NA,NA,NA,NA,NA,NA,NA,NA,NA,NA,NA,NA,NA,NA,NA,NA,NA,NA,NA,NA,NA,NA,NA,
4,pilot,HW006,withdrew,0,0,0,18,NA,NA,NA,NA,NA,NA,NA,NA,NA,NA,NA,NA,NA,NA,NA,NA,NA,NA,NA,NA,NA,NA,NA,NA,NA,NA,NA,NA,NA,NA,NA,NA,NA,NA,
4,pilot,HW007,withdrew,0,0,0,?,NA,NA,NA,NA,NA,NA,NA,NA,NA,NA,NA,NA,NA,NA,NA,NA,NA,NA,NA,NA,NA,NA,NA,NA,NA,NA,NA,NA,NA,NA,NA,NA,NA,NA,
4,pilot,HW008,withdrew,0,0,0,?,NA,NA,NA,NA,NA,NA,NA,NA,NA,NA,NA,NA,NA,NA,NA,NA,NA,NA,NA,NA,NA,NA,NA,NA,NA,NA,NA,NA,NA,NA,NA,NA,NA,NA,
4,pilot,HW013,continuing,1,0,1,17,NA,NA,NA,NA,NA,NA,NA,NA,NA,NA,NA,NA,NA,NA,NA,NA,NA,NA,NA,NA,NA,NA,NA,NA,NA,NA,NA,NA,NA,NA,NA,NA,NA,NA,
4,pilot,HW015,withdrew,0,0,0,32,NA,NA,NA,NA,NA,NA,NA,NA,NA,NA,NA,NA,NA,NA,NA,NA,NA,NA,NA,NA,NA,NA,NA,NA,NA,NA,NA,NA,NA,NA,NA,NA,NA,NA,
4,pilot,HW020,withdrew,0,0,1,17,NA,NA,NA,NA,NA,NA,NA,NA,NA,NA,NA,NA,NA,NA,NA,NA,NA,NA,NA,NA,NA,NA,NA,NA,NA,NA,NA,NA,NA,NA,NA,NA,NA,NA,
4,pilot,HW025,continuing,1,1,1,18,NA,NA,NA,NA,NA,NA,NA,NA,NA,NA,NA,NA,NA,NA,NA,NA,NA,NA,NA,NA,NA,NA,NA,NA,NA,NA,NA,NA,NA,NA,NA,NA,NA,NA,
4,pilot,HW026,withdrew,0,0,0,18,NA,NA,NA,NA,NA,NA,NA,NA,NA,NA,NA,NA,NA,NA,NA,NA,NA,NA,NA,NA,NA,NA,NA,NA,NA,NA,NA,NA,NA,NA,NA,NA,NA,NA,
4,pilot,HW028,withdrew,0,0,0,17,NA,NA,NA,NA,NA,NA,NA,NA,NA,NA,NA,NA,NA,NA,NA,NA,NA,NA,NA,NA,NA,NA,NA,NA,NA,NA,NA,NA,NA,NA,NA,NA,NA,NA,
4,grant,HW1011,continuing,1,check,check,19,NA,NA,NA,NA,NA,NA,NA,NA,NA,NA,NA,NA,NA,NA,NA,NA,NA,NA,NA,NA,NA,NA,NA,NA,NA,NA,NA,NA,NA,NA,NA,NA,NA,NA,
4,grant,HW1021,continuing,1,check,check,19,NA,NA,NA,NA,NA,NA,NA,NA,NA,NA,NA,NA,NA,NA,NA,NA,NA,NA,NA,NA,NA,NA,NA,NA,NA,NA,NA,NA,NA,NA,NA,NA,NA,NA,
4,grant,HW1031,continuing,1,check,check,49,NA,NA,NA,NA,NA,NA,NA,NA,NA,NA,NA,NA,NA,NA,NA,NA,NA,NA,NA,NA,NA,NA,NA,NA,NA,NA,NA,NA,NA,NA,NA,NA,NA,NA,
4,grant,HW1041,continuing,1,check,check,18,0.71,0.78,0.75,6,60,10,6,NA,NA,NA,NA,NA,NA,7,0.83,3.82,0.75,1919,0.78,1792,46,10,17,19,NA,NA,NA,NA,14,tbc,63.3,54.1,,,
4,grant,HW1051,continuing,1,check,check,43,NA,NA,NA,NA,NA,NA,NA,NA,NA,NA,NA,NA,NA,NA,NA,NA,NA,NA,NA,NA,NA,NA,NA,NA,NA,NA,NA,NA,NA,NA,NA,NA,NA,NA,
4,grant,HW1061,continuing,1,check,check,32,0.73,0.762,0.75,6,54,9,5.5,NA,NA,NA,NA,NA,NA,8,0.79,4.84,0.84,2185,0.8,2455,58,18,21,19,NA,NA,NA,NA,14,tbc,66.6,65.7,,,
4,grant,HW1071,continuing,1,check,check,54,NA,NA,NA,NA,NA,NA,NA,NA,NA,NA,NA,NA,NA,NA,NA,NA,NA,NA,NA,NA,NA,NA,NA,NA,NA,NA,NA,NA,NA,NA,NA,NA,NA,NA,
4,grant,HW1081,continuing,1,check,check,18,0.67,0.7,0.68,5,35,7,4.5,NA,NA,NA,NA,NA,NA,6,0.7,3.66,0.88,2156,0.89,2243,63,19,23,21,NA,NA,NA,NA,7,tbc,65.2,49.8,,,
4,grant,HW1091,continuing,1,check,check,18,0.73,0.7,0.71,6,60,10,6,NA,NA,NA,NA,NA,NA,6,0.8,na,0.7,1790,0.42,2211,72,21,27,24,NA,NA,NA,NA,12,tbc,63.8,61.8,,,
4,grant,HW1101,continuing,1,check,check,19,NA,NA,NA,NA,NA,NA,NA,NA,NA,NA,NA,NA,NA,NA,NA,NA,NA,NA,NA,NA,NA,NA,NA,NA,NA,NA,NA,NA,NA,NA,NA,NA,NA,NA,
4,grant,HW1111,continuing,1,check,check,18,0.7,0.66,0.68,6,60,10,6,NA,NA,NA,NA,NA,NA,6,0.8,3.84,0.84,3234,0.79,2910,65,16,18,31,NA,NA,NA,NA,11,tbc,58.6,44.5,,,
4,grant,HW1121,continuing,1,check,check,20,0.73,0.68,0.71,6,54,9,5.5,NA,NA,NA,NA,NA,NA,8,0.79,4.18,0.92,2367,0.8,2202,71,23,22,26,NA,NA,NA,NA,15,tbc,61.2,57.7,,,
4,grant,WV2011,continuing,1,check,check,21,0.71,0.73,0.72,6,60,10,6,NA,NA,NA,NA,NA,NA,8,0.86,4.48,0.9,1636,0.96,2338,44,11,17,16,NA,NA,NA,NA,20,tbc,72.6,83,,,
4,grant,WV2021,withdrew,0,check,check,32,NA,NA,NA,NA,NA,NA,NA,NA,NA,NA,NA,NA,NA,NA,NA,NA,NA,NA,NA,NA,NA,NA,NA,NA,NA,NA,NA,NA,NA,NA,NA,NA,NA,NA,
4,grant,WV2031,continuing,1,check,check,34,NA,NA,NA,NA,NA,NA,NA,NA,NA,NA,NA,NA,NA,NA,NA,NA,NA,NA,NA,NA,NA,NA,NA,NA,NA,NA,NA,NA,NA,NA,NA,NA,NA,NA,
4,grant,WV2041,withdrew,0,1,,18,NA,NA,NA,NA,NA,NA,NA,NA,NA,NA,NA,NA,NA,NA,NA,NA,NA,NA,NA,NA,NA,NA,NA,NA,NA,NA,NA,NA,NA,NA,NA,NA,NA,NA,
4,grant,WV2051,continuing,1,check,check,22,NA,NA,NA,NA,NA,NA,NA,NA,NA,NA,NA,NA,NA,NA,NA,NA,NA,NA,NA,NA,NA,NA,NA,NA,NA,NA,NA,NA,NA,NA,NA,NA,NA,NA,
4,grant,WV2061,continuing,1,check,check,40,0.78,0.75,0.76,6,48,8,5,NA,NA,NA,NA,NA,NA,9,0.81,6.21,0.88,3005,0.66,2671,55,13,17,25,NA,NA,NA,NA,11,tbc,redo??,67,,,
4,grant,WV2071,continuing,1,check,check,23,NA,NA,NA,NA,NA,NA,NA,NA,NA,NA,NA,NA,NA,NA,NA,NA,NA,NA,NA,NA,NA,NA,NA,NA,NA,NA,NA,NA,NA,NA,NA,NA,NA,NA,
4,grant,WV2081,continuing,1,check,check,19,0.71,0.71,0.71,8,88,11,6.5,NA,NA,NA,NA,NA,NA,7,0.75,4.09,0.84,2463,0.7,2233,67,22,23,22,NA,NA,NA,NA,13,tbc,68.3,77.4,,,
4,grant,WV2091,withdrew,0,check,check,34,NA,NA,NA,NA,NA,NA,NA,NA,NA,NA,NA,NA,NA,NA,NA,NA,NA,NA,NA,NA,NA,NA,NA,NA,NA,NA,NA,NA,NA,NA,NA,NA,NA,NA,
4,grant,WV2111,withdrew,0,check,check,20,NA,NA,NA,NA,NA,NA,NA,NA,NA,NA,NA,NA,NA,NA,NA,NA,NA,NA,NA,NA,NA,NA,NA,NA,NA,NA,NA,NA,NA,NA,NA,NA,NA,NA,
